Range,Frequency
1,0.999999999
2,0.999999999
3,0.929999999
4,0.859999999
5,0.829999999
6,0.519999999
7,0.3
8,0.0193558619943952
9,0.00000019515655302893
10,0.000000000000000111022302462516
11,0
12,0
13,0
14,0
15,0
16,0
17,0
18,0
19,0
20,0
21,0
22,0
23,0
24,0
25,0
26,0
27,0
28,0
29,0
30,0
31,0
32,0
33,0
34,0
35,0
36,0
37,0
38,0
39,0
40,0
41,0
42,0
43,0
44,0
45,0
46,0
47,0
48,0
49,0
50,0
51,0
52,0
53,0
54,0
55,0
56,0
57,0
58,0
59,0
60,0
